id_employe,nom,prenom
1074,Nom_1074,Prenom_1074
251,Nom_251,Prenom_251
887,Nom_887,Prenom_887
802,Nom_802,Prenom_802
1350,Nom_1350,Prenom_1350
1070,Nom_1070,Prenom_1070
1209,Nom_1209,Prenom_1209
1080,Nom_1080,Prenom_1080
496,Nom_496,Prenom_496
1420,Nom_1420,Prenom_1420
455,Nom_455,Prenom_455
630,Nom_630,Prenom_630
209,Nom_209,Prenom_209
850,Nom_850,Prenom_850
1288,Nom_1288,Prenom_1288
801,Nom_801,Prenom_801
599,Nom_599,Prenom_599
856,Nom_856,Prenom_856
756,Nom_756,Prenom_756
1231,Nom_1231,Prenom_1231
151,Nom_151,Prenom_151
921,Nom_921,Prenom_921
253,Nom_253,Prenom_253
119,Nom_119,Prenom_119
270,Nom_270,Prenom_270
1269,Nom_1269,Prenom_1269
437,Nom_437,Prenom_437
1283,Nom_1283,Prenom_1283
101,Nom_101,Prenom_101
339,Nom_339,Prenom_339
847,Nom_847,Prenom_847
1314,Nom_1314,Prenom_1314
82,Nom_82,Prenom_82
1465,Nom_1465,Prenom_1465
25,Nom_25,Prenom_25
1048,Nom_1048,Prenom_1048
1043,Nom_1043,Prenom_1043
1253,Nom_1253,Prenom_1253
359,Nom_359,Prenom_359
1348,Nom_1348,Prenom_1348
1060,Nom_1060,Prenom_1060
26,Nom_26,Prenom_26
213,Nom_213,Prenom_213
1478,Nom_1478,Prenom_1478
1229,Nom_1229,Prenom_1229
218,Nom_218,Prenom_218
196,Nom_196,Prenom_196
373,Nom_373,Prenom_373
1403,Nom_1403,Prenom_1403
969,Nom_969,Prenom_969
1171,Nom_1171,Prenom_1171
230,Nom_230,Prenom_230
414,Nom_414,Prenom_414
1146,Nom_1146,Prenom_1146
667,Nom_667,Prenom_667
449,Nom_449,Prenom_449
1108,Nom_1108,Prenom_1108
899,Nom_899,Prenom_899
786,Nom_786,Prenom_786
1071,Nom_1071,Prenom_1071
93,Nom_93,Prenom_93
307,Nom_307,Prenom_307
1289,Nom_1289,Prenom_1289
706,Nom_706,Prenom_706
1009,Nom_1009,Prenom_1009
1100,Nom_1100,Prenom_1100
1335,Nom_1335,Prenom_1335
774,Nom_774,Prenom_774
714,Nom_714,Prenom_714
1408,Nom_1408,Prenom_1408
1065,Nom_1065,Prenom_1065
523,Nom_523,Prenom_523
252,Nom_252,Prenom_252
537,Nom_537,Prenom_537
839,Nom_839,Prenom_839
526,Nom_526,Prenom_526
559,Nom_559,Prenom_559
1425,Nom_1425,Prenom_1425
1293,Nom_1293,Prenom_1293
131,Nom_131,Prenom_131
1473,Nom_1473,Prenom_1473
974,Nom_974,Prenom_974
178,Nom_178,Prenom_178
1320,Nom_1320,Prenom_1320
357,Nom_357,Prenom_357
241,Nom_241,Prenom_241
958,Nom_958,Prenom_958
812,Nom_812,Prenom_812
17,Nom_17,Prenom_17
325,Nom_325,Prenom_325
1021,Nom_1021,Prenom_1021
980,Nom_980,Prenom_980
504,Nom_504,Prenom_504
1188,Nom_1188,Prenom_1188
1003,Nom_1003,Prenom_1003
633,Nom_633,Prenom_633
1333,Nom_1333,Prenom_1333
816,Nom_816,Prenom_816
900,Nom_900,Prenom_900
1079,Nom_1079,Prenom_1079
109,Nom_109,Prenom_109
914,Nom_914,Prenom_914
524,Nom_524,Prenom_524
1489,Nom_1489,Prenom_1489
1129,Nom_1129,Prenom_1129
644,Nom_644,Prenom_644
763,Nom_763,Prenom_763
296,Nom_296,Prenom_296
686,Nom_686,Prenom_686
282,Nom_282,Prenom_282
10,Nom_10,Prenom_10
1117,Nom_1117,Prenom_1117
428,Nom_428,Prenom_428
146,Nom_146,Prenom_146
752,Nom_752,Prenom_752
98,Nom_98,Prenom_98
193,Nom_193,Prenom_193
1389,Nom_1389,Prenom_1389
1364,Nom_1364,Prenom_1364
655,Nom_655,Prenom_655
853,Nom_853,Prenom_853
243,Nom_243,Prenom_243
617,Nom_617,Prenom_617
674,Nom_674,Prenom_674
995,Nom_995,Prenom_995
167,Nom_167,Prenom_167
1416,Nom_1416,Prenom_1416
1275,Nom_1275,Prenom_1275
478,Nom_478,Prenom_478
1488,Nom_1488,Prenom_1488
1280,Nom_1280,Prenom_1280
956,Nom_956,Prenom_956
1366,Nom_1366,Prenom_1366
145,Nom_145,Prenom_145
458,Nom_458,Prenom_458
198,Nom_198,Prenom_198
1081,Nom_1081,Prenom_1081
413,Nom_413,Prenom_413
163,Nom_163,Prenom_163
1134,Nom_1134,Prenom_1134
1175,Nom_1175,Prenom_1175
533,Nom_533,Prenom_533
71,Nom_71,Prenom_71
588,Nom_588,Prenom_588
1026,Nom_1026,Prenom_1026
343,Nom_343,Prenom_343
1317,Nom_1317,Prenom_1317
624,Nom_624,Prenom_624
186,Nom_186,Prenom_186
626,Nom_626,Prenom_626
1264,Nom_1264,Prenom_1264
823,Nom_823,Prenom_823
705,Nom_705,Prenom_705
480,Nom_480,Prenom_480
337,Nom_337,Prenom_337
727,Nom_727,Prenom_727
280,Nom_280,Prenom_280
886,Nom_886,Prenom_886
781,Nom_781,Prenom_781
297,Nom_297,Prenom_297
419,Nom_419,Prenom_419
314,Nom_314,Prenom_314
1345,Nom_1345,Prenom_1345
893,Nom_893,Prenom_893
689,Nom_689,Prenom_689
400,Nom_400,Prenom_400
1139,Nom_1139,Prenom_1139
636,Nom_636,Prenom_636
1000,Nom_1000,Prenom_1000
819,Nom_819,Prenom_819
595,Nom_595,Prenom_595
47,Nom_47,Prenom_47
813,Nom_813,Prenom_813
1458,Nom_1458,Prenom_1458
211,Nom_211,Prenom_211
1252,Nom_1252,Prenom_1252
15,Nom_15,Prenom_15
304,Nom_304,Prenom_304
125,Nom_125,Prenom_125
77,Nom_77,Prenom_77
140,Nom_140,Prenom_140
1285,Nom_1285,Prenom_1285
153,Nom_153,Prenom_153
806,Nom_806,Prenom_806
56,Nom_56,Prenom_56
590,Nom_590,Prenom_590
579,Nom_579,Prenom_579
729,Nom_729,Prenom_729
123,Nom_123,Prenom_123
1463,Nom_1463,Prenom_1463
1414,Nom_1414,Prenom_1414
885,Nom_885,Prenom_885
1045,Nom_1045,Prenom_1045
891,Nom_891,Prenom_891
880,Nom_880,Prenom_880
468,Nom_468,Prenom_468
575,Nom_575,Prenom_575
333,Nom_333,Prenom_333
800,Nom_800,Prenom_800
1429,Nom_1429,Prenom_1429
1180,Nom_1180,Prenom_1180
915,Nom_915,Prenom_915
189,Nom_189,Prenom_189
712,Nom_712,Prenom_712
1306,Nom_1306,Prenom_1306
1141,Nom_1141,Prenom_1141
404,Nom_404,Prenom_404
1453,Nom_1453,Prenom_1453
923,Nom_923,Prenom_923
547,Nom_547,Prenom_547
997,Nom_997,Prenom_997
952,Nom_952,Prenom_952
1118,Nom_1118,Prenom_1118
977,Nom_977,Prenom_977
578,Nom_578,Prenom_578
1123,Nom_1123,Prenom_1123
556,Nom_556,Prenom_556
376,Nom_376,Prenom_376
879,Nom_879,Prenom_879
723,Nom_723,Prenom_723
1372,Nom_1372,Prenom_1372
1427,Nom_1427,Prenom_1427
515,Nom_515,Prenom_515
695,Nom_695,Prenom_695
737,Nom_737,Prenom_737
1296,Nom_1296,Prenom_1296
610,Nom_610,Prenom_610
1131,Nom_1131,Prenom_1131
287,Nom_287,Prenom_287
165,Nom_165,Prenom_165
748,Nom_748,Prenom_748
21,Nom_21,Prenom_21
1156,Nom_1156,Prenom_1156
570,Nom_570,Prenom_570
281,Nom_281,Prenom_281
301,Nom_301,Prenom_301
1049,Nom_1049,Prenom_1049
181,Nom_181,Prenom_181
1412,Nom_1412,Prenom_1412
1137,Nom_1137,Prenom_1137
367,Nom_367,Prenom_367
822,Nom_822,Prenom_822
983,Nom_983,Prenom_983
609,Nom_609,Prenom_609
298,Nom_298,Prenom_298
1486,Nom_1486,Prenom_1486
429,Nom_429,Prenom_429
718,Nom_718,Prenom_718
1242,Nom_1242,Prenom_1242
112,Nom_112,Prenom_112
694,Nom_694,Prenom_694
1484,Nom_1484,Prenom_1484
1460,Nom_1460,Prenom_1460
1211,Nom_1211,Prenom_1211
863,Nom_863,Prenom_863
1136,Nom_1136,Prenom_1136
954,Nom_954,Prenom_954
1029,Nom_1029,Prenom_1029
319,Nom_319,Prenom_319
530,Nom_530,Prenom_530
221,Nom_221,Prenom_221
889,Nom_889,Prenom_889
435,Nom_435,Prenom_435
653,Nom_653,Prenom_653
1405,Nom_1405,Prenom_1405
913,Nom_913,Prenom_913
589,Nom_589,Prenom_589
108,Nom_108,Prenom_108
643,Nom_643,Prenom_643
1051,Nom_1051,Prenom_1051
1089,Nom_1089,Prenom_1089
65,Nom_65,Prenom_65
52,Nom_52,Prenom_52
1475,Nom_1475,Prenom_1475
366,Nom_366,Prenom_366
1017,Nom_1017,Prenom_1017
85,Nom_85,Prenom_85
1122,Nom_1122,Prenom_1122
32,Nom_32,Prenom_32
1452,Nom_1452,Prenom_1452
1381,Nom_1381,Prenom_1381
1102,Nom_1102,Prenom_1102
546,Nom_546,Prenom_546
358,Nom_358,Prenom_358
701,Nom_701,Prenom_701
1006,Nom_1006,Prenom_1006
278,Nom_278,Prenom_278
941,Nom_941,Prenom_941
875,Nom_875,Prenom_875
603,Nom_603,Prenom_603
637,Nom_637,Prenom_637
289,Nom_289,Prenom_289
443,Nom_443,Prenom_443
892,Nom_892,Prenom_892
804,Nom_804,Prenom_804
758,Nom_758,Prenom_758
416,Nom_416,Prenom_416
232,Nom_232,Prenom_232
427,Nom_427,Prenom_427
803,Nom_803,Prenom_803
113,Nom_113,Prenom_113
377,Nom_377,Prenom_377
1091,Nom_1091,Prenom_1091
24,Nom_24,Prenom_24
184,Nom_184,Prenom_184
494,Nom_494,Prenom_494
1018,Nom_1018,Prenom_1018
68,Nom_68,Prenom_68
652,Nom_652,Prenom_652
535,Nom_535,Prenom_535
1233,Nom_1233,Prenom_1233
565,Nom_565,Prenom_565
728,Nom_728,Prenom_728
456,Nom_456,Prenom_456
300,Nom_300,Prenom_300
928,Nom_928,Prenom_928
1052,Nom_1052,Prenom_1052
256,Nom_256,Prenom_256
216,Nom_216,Prenom_216
202,Nom_202,Prenom_202
987,Nom_987,Prenom_987
865,Nom_865,Prenom_865
266,Nom_266,Prenom_266
809,Nom_809,Prenom_809
8,Nom_8,Prenom_8
483,Nom_483,Prenom_483
1432,Nom_1432,Prenom_1432
80,Nom_80,Prenom_80
881,Nom_881,Prenom_881
318,Nom_318,Prenom_318
683,Nom_683,Prenom_683
312,Nom_312,Prenom_312
542,Nom_542,Prenom_542
470,Nom_470,Prenom_470
1341,Nom_1341,Prenom_1341
1270,Nom_1270,Prenom_1270
876,Nom_876,Prenom_876
685,Nom_685,Prenom_685
1213,Nom_1213,Prenom_1213
1415,Nom_1415,Prenom_1415
1301,Nom_1301,Prenom_1301
110,Nom_110,Prenom_110
1418,Nom_1418,Prenom_1418
1342,Nom_1342,Prenom_1342
1128,Nom_1128,Prenom_1128
99,Nom_99,Prenom_99
1005,Nom_1005,Prenom_1005
28,Nom_28,Prenom_28
699,Nom_699,Prenom_699
313,Nom_313,Prenom_313
262,Nom_262,Prenom_262
1002,Nom_1002,Prenom_1002
362,Nom_362,Prenom_362
1322,Nom_1322,Prenom_1322
162,Nom_162,Prenom_162
30,Nom_30,Prenom_30
1312,Nom_1312,Prenom_1312
1271,Nom_1271,Prenom_1271
1050,Nom_1050,Prenom_1050
122,Nom_122,Prenom_122
1267,Nom_1267,Prenom_1267
62,Nom_62,Prenom_62
762,Nom_762,Prenom_762
531,Nom_531,Prenom_531
1040,Nom_1040,Prenom_1040
390,Nom_390,Prenom_390
1426,Nom_1426,Prenom_1426
1244,Nom_1244,Prenom_1244
628,Nom_628,Prenom_628
1130,Nom_1130,Prenom_1130
988,Nom_988,Prenom_988
670,Nom_670,Prenom_670
560,Nom_560,Prenom_560
1310,Nom_1310,Prenom_1310
185,Nom_185,Prenom_185
1492,Nom_1492,Prenom_1492
1057,Nom_1057,Prenom_1057
545,Nom_545,Prenom_545
940,Nom_940,Prenom_940
697,Nom_697,Prenom_697
487,Nom_487,Prenom_487
1433,Nom_1433,Prenom_1433
553,Nom_553,Prenom_553
1190,Nom_1190,Prenom_1190
1339,Nom_1339,Prenom_1339
831,Nom_831,Prenom_831
811,Nom_811,Prenom_811
1198,Nom_1198,Prenom_1198
446,Nom_446,Prenom_446
155,Nom_155,Prenom_155
434,Nom_434,Prenom_434
710,Nom_710,Prenom_710
605,Nom_605,Prenom_605
1327,Nom_1327,Prenom_1327
604,Nom_604,Prenom_604
1262,Nom_1262,Prenom_1262
842,Nom_842,Prenom_842
1282,Nom_1282,Prenom_1282
961,Nom_961,Prenom_961
97,Nom_97,Prenom_97
1438,Nom_1438,Prenom_1438
639,Nom_639,Prenom_639
187,Nom_187,Prenom_187
1367,Nom_1367,Prenom_1367
351,Nom_351,Prenom_351
386,Nom_386,Prenom_386
302,Nom_302,Prenom_302
511,Nom_511,Prenom_511
126,Nom_126,Prenom_126
1313,Nom_1313,Prenom_1313
506,Nom_506,Prenom_506
968,Nom_968,Prenom_968
922,Nom_922,Prenom_922
1483,Nom_1483,Prenom_1483
336,Nom_336,Prenom_336
378,Nom_378,Prenom_378
369,Nom_369,Prenom_369
724,Nom_724,Prenom_724
788,Nom_788,Prenom_788
1413,Nom_1413,Prenom_1413
1008,Nom_1008,Prenom_1008
1055,Nom_1055,Prenom_1055
849,Nom_849,Prenom_849
826,Nom_826,Prenom_826
764,Nom_764,Prenom_764
464,Nom_464,Prenom_464
1353,Nom_1353,Prenom_1353
1004,Nom_1004,Prenom_1004
1392,Nom_1392,Prenom_1392
1440,Nom_1440,Prenom_1440
1248,Nom_1248,Prenom_1248
477,Nom_477,Prenom_477
1169,Nom_1169,Prenom_1169
1165,Nom_1165,Prenom_1165
1075,Nom_1075,Prenom_1075
973,Nom_973,Prenom_973
1323,Nom_1323,Prenom_1323
1291,Nom_1291,Prenom_1291
1441,Nom_1441,Prenom_1441
76,Nom_76,Prenom_76
1163,Nom_1163,Prenom_1163
334,Nom_334,Prenom_334
1098,Nom_1098,Prenom_1098
591,Nom_591,Prenom_591
552,Nom_552,Prenom_552
219,Nom_219,Prenom_219
273,Nom_273,Prenom_273
521,Nom_521,Prenom_521
79,Nom_79,Prenom_79
450,Nom_450,Prenom_450
715,Nom_715,Prenom_715
481,Nom_481,Prenom_481
134,Nom_134,Prenom_134
1234,Nom_1234,Prenom_1234
192,Nom_192,Prenom_192
338,Nom_338,Prenom_338
271,Nom_271,Prenom_271
1221,Nom_1221,Prenom_1221
1347,Nom_1347,Prenom_1347
794,Nom_794,Prenom_794
1459,Nom_1459,Prenom_1459
235,Nom_235,Prenom_235
387,Nom_387,Prenom_387
932,Nom_932,Prenom_932
84,Nom_84,Prenom_84
74,Nom_74,Prenom_74
509,Nom_509,Prenom_509
29,Nom_29,Prenom_29
1182,Nom_1182,Prenom_1182
1158,Nom_1158,Prenom_1158
41,Nom_41,Prenom_41
516,Nom_516,Prenom_516
1237,Nom_1237,Prenom_1237
830,Nom_830,Prenom_830
580,Nom_580,Prenom_580
1041,Nom_1041,Prenom_1041
999,Nom_999,Prenom_999
840,Nom_840,Prenom_840
769,Nom_769,Prenom_769
720,Nom_720,Prenom_720
1126,Nom_1126,Prenom_1126
171,Nom_171,Prenom_171
227,Nom_227,Prenom_227
1278,Nom_1278,Prenom_1278
247,Nom_247,Prenom_247
311,Nom_311,Prenom_311
858,Nom_858,Prenom_858
766,Nom_766,Prenom_766
680,Nom_680,Prenom_680
1445,Nom_1445,Prenom_1445
993,Nom_993,Prenom_993
1155,Nom_1155,Prenom_1155
663,Nom_663,Prenom_663
103,Nom_103,Prenom_103
525,Nom_525,Prenom_525
1147,Nom_1147,Prenom_1147
810,Nom_810,Prenom_810
322,Nom_322,Prenom_322
1398,Nom_1398,Prenom_1398
1311,Nom_1311,Prenom_1311
1035,Nom_1035,Prenom_1035
1494,Nom_1494,Prenom_1494
857,Nom_857,Prenom_857
1205,Nom_1205,Prenom_1205
1493,Nom_1493,Prenom_1493
1227,Nom_1227,Prenom_1227
451,Nom_451,Prenom_451
1268,Nom_1268,Prenom_1268
53,Nom_53,Prenom_53
1336,Nom_1336,Prenom_1336
92,Nom_92,Prenom_92
1039,Nom_1039,Prenom_1039
528,Nom_528,Prenom_528
1286,Nom_1286,Prenom_1286
1255,Nom_1255,Prenom_1255
1170,Nom_1170,Prenom_1170
1474,Nom_1474,Prenom_1474
44,Nom_44,Prenom_44
814,Nom_814,Prenom_814
960,Nom_960,Prenom_960
544,Nom_544,Prenom_544
1196,Nom_1196,Prenom_1196
791,Nom_791,Prenom_791
1172,Nom_1172,Prenom_1172
1113,Nom_1113,Prenom_1113
929,Nom_929,Prenom_929
890,Nom_890,Prenom_890
793,Nom_793,Prenom_793
1356,Nom_1356,Prenom_1356
1012,Nom_1012,Prenom_1012
619,Nom_619,Prenom_619
562,Nom_562,Prenom_562
206,Nom_206,Prenom_206
111,Nom_111,Prenom_111
237,Nom_237,Prenom_237
1256,Nom_1256,Prenom_1256
86,Nom_86,Prenom_86
1149,Nom_1149,Prenom_1149
1297,Nom_1297,Prenom_1297
1404,Nom_1404,Prenom_1404
780,Nom_780,Prenom_780
906,Nom_906,Prenom_906
1485,Nom_1485,Prenom_1485
945,Nom_945,Prenom_945
495,Nom_495,Prenom_495
981,Nom_981,Prenom_981
975,Nom_975,Prenom_975
618,Nom_618,Prenom_618
1393,Nom_1393,Prenom_1393
1307,Nom_1307,Prenom_1307
668,Nom_668,Prenom_668
1277,Nom_1277,Prenom_1277
75,Nom_75,Prenom_75
1094,Nom_1094,Prenom_1094
1121,Nom_1121,Prenom_1121
561,Nom_561,Prenom_561
1272,Nom_1272,Prenom_1272
229,Nom_229,Prenom_229
1179,Nom_1179,Prenom_1179
1390,Nom_1390,Prenom_1390
1044,Nom_1044,Prenom_1044
425,Nom_425,Prenom_425
415,Nom_415,Prenom_415
43,Nom_43,Prenom_43
1077,Nom_1077,Prenom_1077
220,Nom_220,Prenom_220
482,Nom_482,Prenom_482
1464,Nom_1464,Prenom_1464
1010,Nom_1010,Prenom_1010
1016,Nom_1016,Prenom_1016
1086,Nom_1086,Prenom_1086
166,Nom_166,Prenom_166
924,Nom_924,Prenom_924
1218,Nom_1218,Prenom_1218
731,Nom_731,Prenom_731
1471,Nom_1471,Prenom_1471
1257,Nom_1257,Prenom_1257
746,Nom_746,Prenom_746
645,Nom_645,Prenom_645
431,Nom_431,Prenom_431
597,Nom_597,Prenom_597
176,Nom_176,Prenom_176
1444,Nom_1444,Prenom_1444
87,Nom_87,Prenom_87
388,Nom_388,Prenom_388
169,Nom_169,Prenom_169
884,Nom_884,Prenom_884
598,Nom_598,Prenom_598
344,Nom_344,Prenom_344
824,Nom_824,Prenom_824
776,Nom_776,Prenom_776
1305,Nom_1305,Prenom_1305
472,Nom_472,Prenom_472
649,Nom_649,Prenom_649
902,Nom_902,Prenom_902
147,Nom_147,Prenom_147
873,Nom_873,Prenom_873
634,Nom_634,Prenom_634
1189,Nom_1189,Prenom_1189
1284,Nom_1284,Prenom_1284
1334,Nom_1334,Prenom_1334
1192,Nom_1192,Prenom_1192
944,Nom_944,Prenom_944
787,Nom_787,Prenom_787
916,Nom_916,Prenom_916
716,Nom_716,Prenom_716
1036,Nom_1036,Prenom_1036
161,Nom_161,Prenom_161
1436,Nom_1436,Prenom_1436
1360,Nom_1360,Prenom_1360
154,Nom_154,Prenom_154
35,Nom_35,Prenom_35
602,Nom_602,Prenom_602
1315,Nom_1315,Prenom_1315
657,Nom_657,Prenom_657
963,Nom_963,Prenom_963
1037,Nom_1037,Prenom_1037
375,Nom_375,Prenom_375
188,Nom_188,Prenom_188
1395,Nom_1395,Prenom_1395
592,Nom_592,Prenom_592
1145,Nom_1145,Prenom_1145
448,Nom_448,Prenom_448
1239,Nom_1239,Prenom_1239
1212,Nom_1212,Prenom_1212
907,Nom_907,Prenom_907
1159,Nom_1159,Prenom_1159
757,Nom_757,Prenom_757
306,Nom_306,Prenom_306
783,Nom_783,Prenom_783
773,Nom_773,Prenom_773
436,Nom_436,Prenom_436
1030,Nom_1030,Prenom_1030
308,Nom_308,Prenom_308
1456,Nom_1456,Prenom_1456
1421,Nom_1421,Prenom_1421
420,Nom_420,Prenom_420
1482,Nom_1482,Prenom_1482
1208,Nom_1208,Prenom_1208
1173,Nom_1173,Prenom_1173
63,Nom_63,Prenom_63
917,Nom_917,Prenom_917
260,Nom_260,Prenom_260
749,Nom_749,Prenom_749
118,Nom_118,Prenom_118
272,Nom_272,Prenom_272
130,Nom_130,Prenom_130
223,Nom_223,Prenom_223
283,Nom_283,Prenom_283
1088,Nom_1088,Prenom_1088
772,Nom_772,Prenom_772
548,Nom_548,Prenom_548
231,Nom_231,Prenom_231
1424,Nom_1424,Prenom_1424
1195,Nom_1195,Prenom_1195
212,Nom_212,Prenom_212
962,Nom_962,Prenom_962
1434,Nom_1434,Prenom_1434
1331,Nom_1331,Prenom_1331
1379,Nom_1379,Prenom_1379
953,Nom_953,Prenom_953
740,Nom_740,Prenom_740
615,Nom_615,Prenom_615
1185,Nom_1185,Prenom_1185
144,Nom_144,Prenom_144
7,Nom_7,Prenom_7
106,Nom_106,Prenom_106
681,Nom_681,Prenom_681
285,Nom_285,Prenom_285
120,Nom_120,Prenom_120
866,Nom_866,Prenom_866
664,Nom_664,Prenom_664
601,Nom_601,Prenom_601
647,Nom_647,Prenom_647
497,Nom_497,Prenom_497
1351,Nom_1351,Prenom_1351
1046,Nom_1046,Prenom_1046
1191,Nom_1191,Prenom_1191
452,Nom_452,Prenom_452
1167,Nom_1167,Prenom_1167
1042,Nom_1042,Prenom_1042
1468,Nom_1468,Prenom_1468
665,Nom_665,Prenom_665
577,Nom_577,Prenom_577
550,Nom_550,Prenom_550
1439,Nom_1439,Prenom_1439
384,Nom_384,Prenom_384
700,Nom_700,Prenom_700
399,Nom_399,Prenom_399
852,Nom_852,Prenom_852
1143,Nom_1143,Prenom_1143
1174,Nom_1174,Prenom_1174
620,Nom_620,Prenom_620
518,Nom_518,Prenom_518
549,Nom_549,Prenom_549
268,Nom_268,Prenom_268
1092,Nom_1092,Prenom_1092
310,Nom_310,Prenom_310
214,Nom_214,Prenom_214
1369,Nom_1369,Prenom_1369
397,Nom_397,Prenom_397
1490,Nom_1490,Prenom_1490
836,Nom_836,Prenom_836
20,Nom_20,Prenom_20
1114,Nom_1114,Prenom_1114
486,Nom_486,Prenom_486
330,Nom_330,Prenom_330
1419,Nom_1419,Prenom_1419
1462,Nom_1462,Prenom_1462
1069,Nom_1069,Prenom_1069
1250,Nom_1250,Prenom_1250
996,Nom_996,Prenom_996
265,Nom_265,Prenom_265
405,Nom_405,Prenom_405
379,Nom_379,Prenom_379
1105,Nom_1105,Prenom_1105
292,Nom_292,Prenom_292
168,Nom_168,Prenom_168
1383,Nom_1383,Prenom_1383
910,Nom_910,Prenom_910
1273,Nom_1273,Prenom_1273
238,Nom_238,Prenom_238
1496,Nom_1496,Prenom_1496
27,Nom_27,Prenom_27
883,Nom_883,Prenom_883
765,Nom_765,Prenom_765
1399,Nom_1399,Prenom_1399
1299,Nom_1299,Prenom_1299
1093,Nom_1093,Prenom_1093
733,Nom_733,Prenom_733
382,Nom_382,Prenom_382
825,Nom_825,Prenom_825
335,Nom_335,Prenom_335
838,Nom_838,Prenom_838
555,Nom_555,Prenom_555
1073,Nom_1073,Prenom_1073
805,Nom_805,Prenom_805
554,Nom_554,Prenom_554
1388,Nom_1388,Prenom_1388
191,Nom_191,Prenom_191
815,Nom_815,Prenom_815
833,Nom_833,Prenom_833
1178,Nom_1178,Prenom_1178
295,Nom_295,Prenom_295
11,Nom_11,Prenom_11
228,Nom_228,Prenom_228
135,Nom_135,Prenom_135
39,Nom_39,Prenom_39
1047,Nom_1047,Prenom_1047
882,Nom_882,Prenom_882
508,Nom_508,Prenom_508
1222,Nom_1222,Prenom_1222
1031,Nom_1031,Prenom_1031
471,Nom_471,Prenom_471
1033,Nom_1033,Prenom_1033
255,Nom_255,Prenom_255
1019,Nom_1019,Prenom_1019
1377,Nom_1377,Prenom_1377
563,Nom_563,Prenom_563
66,Nom_66,Prenom_66
1400,Nom_1400,Prenom_1400
479,Nom_479,Prenom_479
640,Nom_640,Prenom_640
89,Nom_89,Prenom_89
284,Nom_284,Prenom_284
1104,Nom_1104,Prenom_1104
1085,Nom_1085,Prenom_1085
442,Nom_442,Prenom_442
57,Nom_57,Prenom_57
1243,Nom_1243,Prenom_1243
239,Nom_239,Prenom_239
288,Nom_288,Prenom_288
31,Nom_31,Prenom_31
738,Nom_738,Prenom_738
1375,Nom_1375,Prenom_1375
817,Nom_817,Prenom_817
949,Nom_949,Prenom_949
1308,Nom_1308,Prenom_1308
1469,Nom_1469,Prenom_1469
321,Nom_321,Prenom_321
324,Nom_324,Prenom_324
684,Nom_684,Prenom_684
1337,Nom_1337,Prenom_1337
18,Nom_18,Prenom_18
139,Nom_139,Prenom_139
848,Nom_848,Prenom_848
1207,Nom_1207,Prenom_1207
143,Nom_143,Prenom_143
594,Nom_594,Prenom_594
424,Nom_424,Prenom_424
381,Nom_381,Prenom_381
1437,Nom_1437,Prenom_1437
927,Nom_927,Prenom_927
408,Nom_408,Prenom_408
466,Nom_466,Prenom_466
1479,Nom_1479,Prenom_1479
1251,Nom_1251,Prenom_1251
250,Nom_250,Prenom_250
1225,Nom_1225,Prenom_1225
918,Nom_918,Prenom_918
64,Nom_64,Prenom_64
1200,Nom_1200,Prenom_1200
1109,Nom_1109,Prenom_1109
1298,Nom_1298,Prenom_1298
777,Nom_777,Prenom_777
582,Nom_582,Prenom_582
102,Nom_102,Prenom_102
315,Nom_315,Prenom_315
1014,Nom_1014,Prenom_1014
1498,Nom_1498,Prenom_1498
2,Nom_2,Prenom_2
796,Nom_796,Prenom_796
72,Nom_72,Prenom_72
177,Nom_177,Prenom_177
1263,Nom_1263,Prenom_1263
1373,Nom_1373,Prenom_1373
843,Nom_843,Prenom_843
841,Nom_841,Prenom_841
1451,Nom_1451,Prenom_1451
1394,Nom_1394,Prenom_1394
1281,Nom_1281,Prenom_1281
459,Nom_459,Prenom_459
938,Nom_938,Prenom_938
1063,Nom_1063,Prenom_1063
627,Nom_627,Prenom_627
444,Nom_444,Prenom_444
391,Nom_391,Prenom_391
274,Nom_274,Prenom_274
1023,Nom_1023,Prenom_1023
1140,Nom_1140,Prenom_1140
426,Nom_426,Prenom_426
412,Nom_412,Prenom_412
1194,Nom_1194,Prenom_1194
741,Nom_741,Prenom_741
651,Nom_651,Prenom_651
1428,Nom_1428,Prenom_1428
46,Nom_46,Prenom_46
83,Nom_83,Prenom_83
919,Nom_919,Prenom_919
851,Nom_851,Prenom_851
361,Nom_361,Prenom_361
1246,Nom_1246,Prenom_1246
687,Nom_687,Prenom_687
474,Nom_474,Prenom_474
631,Nom_631,Prenom_631
73,Nom_73,Prenom_73
182,Nom_182,Prenom_182
40,Nom_40,Prenom_40
355,Nom_355,Prenom_355
1407,Nom_1407,Prenom_1407
277,Nom_277,Prenom_277
261,Nom_261,Prenom_261
348,Nom_348,Prenom_348
984,Nom_984,Prenom_984
1064,Nom_1064,Prenom_1064
1215,Nom_1215,Prenom_1215
868,Nom_868,Prenom_868
965,Nom_965,Prenom_965
332,Nom_332,Prenom_332
730,Nom_730,Prenom_730
1223,Nom_1223,Prenom_1223
1500,Nom_1500,Prenom_1500
1232,Nom_1232,Prenom_1232
484,Nom_484,Prenom_484
1358,Nom_1358,Prenom_1358
569,Nom_569,Prenom_569
507,Nom_507,Prenom_507
1276,Nom_1276,Prenom_1276
596,Nom_596,Prenom_596
1082,Nom_1082,Prenom_1082
485,Nom_485,Prenom_485
226,Nom_226,Prenom_226
13,Nom_13,Prenom_13
1152,Nom_1152,Prenom_1152
1226,Nom_1226,Prenom_1226
91,Nom_91,Prenom_91
642,Nom_642,Prenom_642
1359,Nom_1359,Prenom_1359
770,Nom_770,Prenom_770
433,Nom_433,Prenom_433
540,Nom_540,Prenom_540
293,Nom_293,Prenom_293
1450,Nom_1450,Prenom_1450
543,Nom_543,Prenom_543
365,Nom_365,Prenom_365
869,Nom_869,Prenom_869
532,Nom_532,Prenom_532
837,Nom_837,Prenom_837
897,Nom_897,Prenom_897
152,Nom_152,Prenom_152
719,Nom_719,Prenom_719
536,Nom_536,Prenom_536
475,Nom_475,Prenom_475
5,Nom_5,Prenom_5
461,Nom_461,Prenom_461
789,Nom_789,Prenom_789
499,Nom_499,Prenom_499
340,Nom_340,Prenom_340
593,Nom_593,Prenom_593
498,Nom_498,Prenom_498
661,Nom_661,Prenom_661
1340,Nom_1340,Prenom_1340
392,Nom_392,Prenom_392
1417,Nom_1417,Prenom_1417
1011,Nom_1011,Prenom_1011
979,Nom_979,Prenom_979
1435,Nom_1435,Prenom_1435
1357,Nom_1357,Prenom_1357
1184,Nom_1184,Prenom_1184
1186,Nom_1186,Prenom_1186
1387,Nom_1387,Prenom_1387
519,Nom_519,Prenom_519
846,Nom_846,Prenom_846
931,Nom_931,Prenom_931
656,Nom_656,Prenom_656
625,Nom_625,Prenom_625
254,Nom_254,Prenom_254
1292,Nom_1292,Prenom_1292
1203,Nom_1203,Prenom_1203
96,Nom_96,Prenom_96
581,Nom_581,Prenom_581
818,Nom_818,Prenom_818
396,Nom_396,Prenom_396
820,Nom_820,Prenom_820
679,Nom_679,Prenom_679
107,Nom_107,Prenom_107
935,Nom_935,Prenom_935
1148,Nom_1148,Prenom_1148
937,Nom_937,Prenom_937
775,Nom_775,Prenom_775
1378,Nom_1378,Prenom_1378
654,Nom_654,Prenom_654
576,Nom_576,Prenom_576
759,Nom_759,Prenom_759
1183,Nom_1183,Prenom_1183
258,Nom_258,Prenom_258
19,Nom_19,Prenom_19
398,Nom_398,Prenom_398
966,Nom_966,Prenom_966
215,Nom_215,Prenom_215
1370,Nom_1370,Prenom_1370
1457,Nom_1457,Prenom_1457
635,Nom_635,Prenom_635
1477,Nom_1477,Prenom_1477
37,Nom_37,Prenom_37
1135,Nom_1135,Prenom_1135
421,Nom_421,Prenom_421
1062,Nom_1062,Prenom_1062
1447,Nom_1447,Prenom_1447
164,Nom_164,Prenom_164
1448,Nom_1448,Prenom_1448
326,Nom_326,Prenom_326
704,Nom_704,Prenom_704
78,Nom_78,Prenom_78
1328,Nom_1328,Prenom_1328
1202,Nom_1202,Prenom_1202
133,Nom_133,Prenom_133
279,Nom_279,Prenom_279
1107,Nom_1107,Prenom_1107
755,Nom_755,Prenom_755
492,Nom_492,Prenom_492
1220,Nom_1220,Prenom_1220
158,Nom_158,Prenom_158
403,Nom_403,Prenom_403
170,Nom_170,Prenom_170
55,Nom_55,Prenom_55
1355,Nom_1355,Prenom_1355
374,Nom_374,Prenom_374
244,Nom_244,Prenom_244
1361,Nom_1361,Prenom_1361
128,Nom_128,Prenom_128
38,Nom_38,Prenom_38
1236,Nom_1236,Prenom_1236
353,Nom_353,Prenom_353
722,Nom_722,Prenom_722
1330,Nom_1330,Prenom_1330
1078,Nom_1078,Prenom_1078
646,Nom_646,Prenom_646
1157,Nom_1157,Prenom_1157
725,Nom_725,Prenom_725
195,Nom_195,Prenom_195
129,Nom_129,Prenom_129
1106,Nom_1106,Prenom_1106
744,Nom_744,Prenom_744
985,Nom_985,Prenom_985
1230,Nom_1230,Prenom_1230
1402,Nom_1402,Prenom_1402
971,Nom_971,Prenom_971
930,Nom_930,Prenom_930
551,Nom_551,Prenom_551
1332,Nom_1332,Prenom_1332
903,Nom_903,Prenom_903
179,Nom_179,Prenom_179
1443,Nom_1443,Prenom_1443
855,Nom_855,Prenom_855
1138,Nom_1138,Prenom_1138
571,Nom_571,Prenom_571
693,Nom_693,Prenom_693
1368,Nom_1368,Prenom_1368
622,Nom_622,Prenom_622
48,Nom_48,Prenom_48
821,Nom_821,Prenom_821
732,Nom_732,Prenom_732
1099,Nom_1099,Prenom_1099
204,Nom_204,Prenom_204
299,Nom_299,Prenom_299
95,Nom_95,Prenom_95
871,Nom_871,Prenom_871
329,Nom_329,Prenom_329
751,Nom_751,Prenom_751
1224,Nom_1224,Prenom_1224
454,Nom_454,Prenom_454
180,Nom_180,Prenom_180
127,Nom_127,Prenom_127
939,Nom_939,Prenom_939
1133,Nom_1133,Prenom_1133
1422,Nom_1422,Prenom_1422
1303,Nom_1303,Prenom_1303
439,Nom_439,Prenom_439
991,Nom_991,Prenom_991
117,Nom_117,Prenom_117
1338,Nom_1338,Prenom_1338
709,Nom_709,Prenom_709
438,Nom_438,Prenom_438
1470,Nom_1470,Prenom_1470
708,Nom_708,Prenom_708
1151,Nom_1151,Prenom_1151
309,Nom_309,Prenom_309
795,Nom_795,Prenom_795
363,Nom_363,Prenom_363
1096,Nom_1096,Prenom_1096
632,Nom_632,Prenom_632
286,Nom_286,Prenom_286
409,Nom_409,Prenom_409
1154,Nom_1154,Prenom_1154
676,Nom_676,Prenom_676
1376,Nom_1376,Prenom_1376
986,Nom_986,Prenom_986
950,Nom_950,Prenom_950
717,Nom_717,Prenom_717
799,Nom_799,Prenom_799
691,Nom_691,Prenom_691
389,Nom_389,Prenom_389
641,Nom_641,Prenom_641
702,Nom_702,Prenom_702
205,Nom_205,Prenom_205
1067,Nom_1067,Prenom_1067
197,Nom_197,Prenom_197
1103,Nom_1103,Prenom_1103
750,Nom_750,Prenom_750
447,Nom_447,Prenom_447
114,Nom_114,Prenom_114
558,Nom_558,Prenom_558
156,Nom_156,Prenom_156
1385,Nom_1385,Prenom_1385
951,Nom_951,Prenom_951
934,Nom_934,Prenom_934
269,Nom_269,Prenom_269
249,Nom_249,Prenom_249
1446,Nom_1446,Prenom_1446
534,Nom_534,Prenom_534
194,Nom_194,Prenom_194
430,Nom_430,Prenom_430
964,Nom_964,Prenom_964
844,Nom_844,Prenom_844
835,Nom_835,Prenom_835
316,Nom_316,Prenom_316
688,Nom_688,Prenom_688
520,Nom_520,Prenom_520
132,Nom_132,Prenom_132
1216,Nom_1216,Prenom_1216
1072,Nom_1072,Prenom_1072
1362,Nom_1362,Prenom_1362
67,Nom_67,Prenom_67
352,Nom_352,Prenom_352
947,Nom_947,Prenom_947
761,Nom_761,Prenom_761
703,Nom_703,Prenom_703
567,Nom_567,Prenom_567
224,Nom_224,Prenom_224
735,Nom_735,Prenom_735
660,Nom_660,Prenom_660
658,Nom_658,Prenom_658
1325,Nom_1325,Prenom_1325
1247,Nom_1247,Prenom_1247
955,Nom_955,Prenom_955
586,Nom_586,Prenom_586
513,Nom_513,Prenom_513
51,Nom_51,Prenom_51
460,Nom_460,Prenom_460
69,Nom_69,Prenom_69
529,Nom_529,Prenom_529
203,Nom_203,Prenom_203
441,Nom_441,Prenom_441
385,Nom_385,Prenom_385
393,Nom_393,Prenom_393
81,Nom_81,Prenom_81
557,Nom_557,Prenom_557
778,Nom_778,Prenom_778
1197,Nom_1197,Prenom_1197
502,Nom_502,Prenom_502
42,Nom_42,Prenom_42
1472,Nom_1472,Prenom_1472
90,Nom_90,Prenom_90
59,Nom_59,Prenom_59
1254,Nom_1254,Prenom_1254
621,Nom_621,Prenom_621
734,Nom_734,Prenom_734
1068,Nom_1068,Prenom_1068
350,Nom_350,Prenom_350
116,Nom_116,Prenom_116
1287,Nom_1287,Prenom_1287
394,Nom_394,Prenom_394
1025,Nom_1025,Prenom_1025
248,Nom_248,Prenom_248
862,Nom_862,Prenom_862
1481,Nom_1481,Prenom_1481
501,Nom_501,Prenom_501
207,Nom_207,Prenom_207
1467,Nom_1467,Prenom_1467
1319,Nom_1319,Prenom_1319
1217,Nom_1217,Prenom_1217
418,Nom_418,Prenom_418
1354,Nom_1354,Prenom_1354
463,Nom_463,Prenom_463
246,Nom_246,Prenom_246
159,Nom_159,Prenom_159
354,Nom_354,Prenom_354
267,Nom_267,Prenom_267
1111,Nom_1111,Prenom_1111
1279,Nom_1279,Prenom_1279
141,Nom_141,Prenom_141
698,Nom_698,Prenom_698
539,Nom_539,Prenom_539
467,Nom_467,Prenom_467
402,Nom_402,Prenom_402
648,Nom_648,Prenom_648
1095,Nom_1095,Prenom_1095
380,Nom_380,Prenom_380
1112,Nom_1112,Prenom_1112
1090,Nom_1090,Prenom_1090
347,Nom_347,Prenom_347
517,Nom_517,Prenom_517
410,Nom_410,Prenom_410
242,Nom_242,Prenom_242
138,Nom_138,Prenom_138
1380,Nom_1380,Prenom_1380
1290,Nom_1290,Prenom_1290
1349,Nom_1349,Prenom_1349
16,Nom_16,Prenom_16
342,Nom_342,Prenom_342
574,Nom_574,Prenom_574
854,Nom_854,Prenom_854
1028,Nom_1028,Prenom_1028
1442,Nom_1442,Prenom_1442
1241,Nom_1241,Prenom_1241
888,Nom_888,Prenom_888
236,Nom_236,Prenom_236
148,Nom_148,Prenom_148
678,Nom_678,Prenom_678
323,Nom_323,Prenom_323
1204,Nom_1204,Prenom_1204
1214,Nom_1214,Prenom_1214
1397,Nom_1397,Prenom_1397
368,Nom_368,Prenom_368
294,Nom_294,Prenom_294
1038,Nom_1038,Prenom_1038
4,Nom_4,Prenom_4
200,Nom_200,Prenom_200
1409,Nom_1409,Prenom_1409
275,Nom_275,Prenom_275
948,Nom_948,Prenom_948
583,Nom_583,Prenom_583
990,Nom_990,Prenom_990
650,Nom_650,Prenom_650
371,Nom_371,Prenom_371
936,Nom_936,Prenom_936
726,Nom_726,Prenom_726
568,Nom_568,Prenom_568
1166,Nom_1166,Prenom_1166
1391,Nom_1391,Prenom_1391
998,Nom_998,Prenom_998
754,Nom_754,Prenom_754
1097,Nom_1097,Prenom_1097
58,Nom_58,Prenom_58
1,Nom_1,Prenom_1
666,Nom_666,Prenom_666
1261,Nom_1261,Prenom_1261
1352,Nom_1352,Prenom_1352
1260,Nom_1260,Prenom_1260
1144,Nom_1144,Prenom_1144
682,Nom_682,Prenom_682
608,Nom_608,Prenom_608
364,Nom_364,Prenom_364
372,Nom_372,Prenom_372
1363,Nom_1363,Prenom_1363
768,Nom_768,Prenom_768
860,Nom_860,Prenom_860
572,Nom_572,Prenom_572
49,Nom_49,Prenom_49
22,Nom_22,Prenom_22
912,Nom_912,Prenom_912
1058,Nom_1058,Prenom_1058
70,Nom_70,Prenom_70
45,Nom_45,Prenom_45
760,Nom_760,Prenom_760
225,Nom_225,Prenom_225
199,Nom_199,Prenom_199
829,Nom_829,Prenom_829
1410,Nom_1410,Prenom_1410
611,Nom_611,Prenom_611
671,Nom_671,Prenom_671
895,Nom_895,Prenom_895
1054,Nom_1054,Prenom_1054
894,Nom_894,Prenom_894
422,Nom_422,Prenom_422
327,Nom_327,Prenom_327
105,Nom_105,Prenom_105
909,Nom_909,Prenom_909
790,Nom_790,Prenom_790
1053,Nom_1053,Prenom_1053
469,Nom_469,Prenom_469
1024,Nom_1024,Prenom_1024
905,Nom_905,Prenom_905
510,Nom_510,Prenom_510
747,Nom_747,Prenom_747
982,Nom_982,Prenom_982
771,Nom_771,Prenom_771
1401,Nom_1401,Prenom_1401
1259,Nom_1259,Prenom_1259
1266,Nom_1266,Prenom_1266
259,Nom_259,Prenom_259
573,Nom_573,Prenom_573
1371,Nom_1371,Prenom_1371
864,Nom_864,Prenom_864
1187,Nom_1187,Prenom_1187
920,Nom_920,Prenom_920
522,Nom_522,Prenom_522
291,Nom_291,Prenom_291
423,Nom_423,Prenom_423
3,Nom_3,Prenom_3
201,Nom_201,Prenom_201
61,Nom_61,Prenom_61
797,Nom_797,Prenom_797
901,Nom_901,Prenom_901
14,Nom_14,Prenom_14
1059,Nom_1059,Prenom_1059
1431,Nom_1431,Prenom_1431
1300,Nom_1300,Prenom_1300
1206,Nom_1206,Prenom_1206
1318,Nom_1318,Prenom_1318
859,Nom_859,Prenom_859
659,Nom_659,Prenom_659
210,Nom_210,Prenom_210
1384,Nom_1384,Prenom_1384
157,Nom_157,Prenom_157
584,Nom_584,Prenom_584
1127,Nom_1127,Prenom_1127
1329,Nom_1329,Prenom_1329
1316,Nom_1316,Prenom_1316
503,Nom_503,Prenom_503
1249,Nom_1249,Prenom_1249
173,Nom_173,Prenom_173
1168,Nom_1168,Prenom_1168
878,Nom_878,Prenom_878
792,Nom_792,Prenom_792
867,Nom_867,Prenom_867
784,Nom_784,Prenom_784
753,Nom_753,Prenom_753
1177,Nom_1177,Prenom_1177
1034,Nom_1034,Prenom_1034
1466,Nom_1466,Prenom_1466
989,Nom_989,Prenom_989
972,Nom_972,Prenom_972
1411,Nom_1411,Prenom_1411
1228,Nom_1228,Prenom_1228
943,Nom_943,Prenom_943
150,Nom_150,Prenom_150
1294,Nom_1294,Prenom_1294
926,Nom_926,Prenom_926
808,Nom_808,Prenom_808
798,Nom_798,Prenom_798
874,Nom_874,Prenom_874
9,Nom_9,Prenom_9
1302,Nom_1302,Prenom_1302
445,Nom_445,Prenom_445
832,Nom_832,Prenom_832
908,Nom_908,Prenom_908
88,Nom_88,Prenom_88
1161,Nom_1161,Prenom_1161
1084,Nom_1084,Prenom_1084
1497,Nom_1497,Prenom_1497
217,Nom_217,Prenom_217
538,Nom_538,Prenom_538
383,Nom_383,Prenom_383
925,Nom_925,Prenom_925
612,Nom_612,Prenom_612
1119,Nom_1119,Prenom_1119
616,Nom_616,Prenom_616
453,Nom_453,Prenom_453
